2015 Toyota Camry, $13495, LE I4 Automatic, 122508 miles, 70 mi -  Winston Salem, White exterior Beige interior
2013 Toyota Camry, $13999, L I4 Automatic, 95220 miles, 48 mi -  Shelby, Unknown exterior Unknown interior
2013 Toyota Camry, $17085, SE I4 Automatic, 97615 miles, 66 mi -  Spartanburg, Silver exterior Unknown interior
2017 Toyota Camry, $20980, XLE I4 Automatic, 35561 miles, 68 mi -  Asheboro, Gray exterior Black interior
2018 Toyota Camry, $23800, LE I4 Automatic, 10440 miles, 61 mi -  Lenoir, White exterior Unknown interior
2014 Toyota Camry, $15995, 2014 SE I4 Automatic, 68673 miles, 70 mi -  Lugoff, Gray exterior Unknown interior
2012 Toyota Camry, $9995, L I4 Automatic, 130999 miles, 70 mi -  High Point, Unknown exterior Unknown interior
2018 Toyota Camry, $21340, XLE I4 Automatic, 31113 miles, 8.1 mi -  Charlotte, Gray exterior Gray interior
2019 Toyota Camry, $21480, Hybrid LE, 49341 miles, 8.1 mi -  Charlotte, White exterior Black interior
2017 Toyota Camry, $16701, SE I4 Automatic, 81509 miles, 33 mi -  Lancaster, Gold exterior Unknown interior
2011 Toyota Camry, $11590, LE I4 Automatic, 78287 miles, 3.2 mi -  Charlotte, Silver exterior Gray interior
2012 Toyota Camry, $12590, L I4 Automatic, 82511 miles, 3.2 mi -  Charlotte, Red exterior Unknown interior
2012 Toyota Camry, $12590, LE I4 Automatic, 74625 miles, 3.2 mi -  Charlotte, White exterior Unknown interior
2011 Toyota Camry, $5921, LE I4 Manual, 210720 miles, 67 mi -  Winston Salem, Silver exterior Gray interior
2016 Toyota Camry, $14498, SE I4 Automatic, 84000 miles, 21 mi -  Rock Hill, Gray exterior Black interior
2005 Toyota Camry, $6331, LE I4 Automatic, 143163 miles, 70 mi -  High Point, Silver exterior Gray interior
2018 Toyota Camry, $22980, SE I4 Automatic, 24954 miles, 68 mi -  Asheboro, White exterior Black interior
2009 Toyota Camry, $9326, LE I4 Automatic, 71667 miles, 70 mi -  High Point, Gold exterior Beige interior
2019 Toyota Camry, $28530, XSE Automatic, 5904 miles, 8.1 mi -  Charlotte, Silver exterior Black interior
2013 Toyota Camry, $13590, L I4 Automatic, 75880 miles, 3.2 mi -  Charlotte, Red exterior Unknown interior
2010 Toyota Camry, $10487, LE I4 Manual, 65087 miles, 66 mi -  Winston-Salem, Green exterior Beige interior
2012 Toyota Camry, $12990, L I4 Automatic, 72862 miles, 3.2 mi -  Charlotte, Gray exterior Gray interior
2012 Toyota Camry, $13990, XLE V6 Automatic, 75044 miles, 3.2 mi -  Charlotte, Gray exterior Black interior
2009 Toyota Camry, $9415, XLE I4 Automatic, 113692 miles, 68 mi -  Spartanburg, Silver exterior Unknown interior
2017 Toyota Camry, $17228, LE I4 Automatic, 44968 miles, 70 mi -  High Point, Gray exterior Gray interior
2015 Toyota Camry, $14419, LE I4 Automatic, 62649 miles, 70 mi -  Lugoff, Tan exterior Unknown interior
2015 Toyota Camry, $14995, LE I4 Automatic, 91400 miles, 44 mi -  Hickory, White exterior Black interior
2018 Toyota Camry, $18988, LE I4 Automatic, 58261 miles, 44 mi -  Hickory, Unknown exterior Unknown interior
2018 Toyota Camry, $22980, SE I4 Automatic, 29648 miles, 68 mi -  Asheboro, Silver exterior Black interior
2016 Toyota Camry, $19920, Hybrid XLE, 13768 miles, 8.1 mi -  Charlotte, Red exterior Gray interior
2019 Toyota Camry, $20499, L Automatic, 19035 miles, 69 mi -  Lugoff, Black exterior Gray interior
2018 Toyota Camry, $23200, LE I4 Automatic, 15050 miles, 61 mi -  Lenoir, White exterior Unknown interior
2019 Toyota Camry, $20580, Hybrid XLE, 83716 miles, 68 mi -  High Point, Brown exterior Gray interior
2018 Toyota Camry, $19912, SE I4 Automatic, 21511 miles, 70 mi -  Lugoff, Blue exterior Unknown interior
2018 Toyota Camry, $21800, LE I4 Automatic, 21574 miles, 61 mi -  Lenoir, Silver exterior Gray interior
2014 Toyota Camry, $10995, 2014 SE I4 Automatic, 120000 miles, 70 mi -  High Point, Silver exterior Black interior
2017 Toyota Camry, $18980, SE I4 Automatic, 42146 miles, 68 mi -  Asheboro, Silver exterior Black interior
2018 Toyota Camry, $19337, LE I4 Automatic, 37742 miles, 70 mi -  High Point, Gray exterior Gray interior
2012 Toyota Camry, $12590, LE I4 Automatic, 65524 miles, 3.2 mi -  Charlotte, Blue exterior Unknown interior
2013 Toyota Camry, $12990, LE I4 Automatic, 82872 miles, 3.2 mi -  Charlotte, Silver exterior Black interior
2018 Toyota Camry, $23480, Hybrid XLE, 36591 miles, 8.1 mi -  Charlotte, White exterior Gray interior
2018 Toyota Camry, $23825, XSE I4 Automatic, 47492 miles, 70 mi -  High Point, Red exterior Black interior
2018 Toyota Camry, $23990, XSE V6 Automatic, 71203 miles, 3.2 mi -  Charlotte, Silver exterior Black interior
2016 Toyota Camry, $13995, SE I4 Automatic, 93348 miles, 19 mi -  Concord, Gold exterior Black interior
2018 Toyota Camry, $18881, LE I4 Automatic, 47128 miles, 70 mi -  High Point, Red exterior Beige interior
2020 Toyota Camry, $23980, SE FWD Automatic, 7543 miles, 68 mi -  Asheboro, Blue exterior Unknown interior
2014 Toyota Camry, $12590, 2014 XLE I4 Automatic, 90395 miles, 3.2 mi -  Charlotte, White exterior Black interior
2015 Toyota Camry, $14980, LE I4 Automatic, 18136 miles, 8.1 mi -  Charlotte, Blue exterior Gray interior
2019 Toyota Camry, $18980, SE Automatic, 40989 miles, 8.1 mi -  Charlotte, Black exterior Black interior
2018 Toyota Camry, $18980, SE I4 Automatic, 54207 miles, 68 mi -  Asheboro, Blue exterior Unknown interior
2018 Toyota Camry, $18472, SE I4 Automatic, 72455 miles, 35 mi -  Salisbury, Black exterior Black interior
2017 Toyota Camry, $17716, Hybrid LE, 45757 miles, 68 mi -  High Point, Black exterior Black interior
2017 Toyota Camry, $16460, SE I4 Automatic, 37529 miles, 8.1 mi -  Charlotte, Silver exterior Black interior
2014 Toyota Camry, $11623, 2014 LE I4 Automatic, 118216 miles, 68 mi -  Spartanburg, Tan exterior Unknown interior
2019 Toyota Camry, $23480, XLE Automatic, 23356 miles, 8.1 mi -  Charlotte, Gray exterior Gray interior
2019 Toyota Camry, $24170, Hybrid LE, 12747 miles, 8.1 mi -  Charlotte, White exterior Unknown interior
2018 Toyota Camry, $19980, XLE I4 Automatic, 38854 miles, 8.1 mi -  Charlotte, Gray exterior Black interior
2018 Toyota Camry, $18310, LE I4 Automatic, 21666 miles, 8.1 mi -  Charlotte, White exterior Gray interior
2018 Toyota Camry, $20480, SE I4 Automatic, 16954 miles, 8.1 mi -  Charlotte, Gray exterior Gray interior
2014 Toyota Camry, $12990, 2014 L I4 Automatic, 70336 miles, 3.2 mi -  Charlotte, Green exterior Beige interior
2007 Toyota Camry, $7557, LE I4 Automatic, 153785 miles, 70 mi -  High Point, White exterior Beige interior
2019 Toyota Camry, $21112, LE Automatic, 17690 miles, 68 mi -  Spartanburg, Brown exterior Unknown interior
2019 Toyota Camry, $25930, Hybrid SE, 13418 miles, 8.1 mi -  Charlotte, White exterior Black interior
2013 Toyota Camry, $10631, SE I4 Automatic, 134293 miles, 70 mi -  High Point, Silver exterior Black interior
2014 Toyota Camry, $10980, 2014 SE I4 Automatic, 104199 miles, 8.1 mi -  Charlotte, Red exterior Black interior
2014 Toyota Camry, $9925, 2014 LE I4 Automatic, 152250 miles, 17 mi -  Gastonia, Black exterior Black interior
2013 Toyota Camry, $13990, XLE I4 Automatic, 64782 miles, 3.2 mi -  Charlotte, Gray exterior Gray interior
2018 Toyota Camry, $27995, XSE V6 Automatic, 38184 miles, 5.2 mi -  Charlotte, White exterior Red interior
2018 Toyota Camry, $25888, XSE I4 Automatic, 14505 miles, 68 mi -  High Point, Red exterior Black interior
2018 Toyota Camry, $18980, SE I4 Automatic, 32448 miles, 8.1 mi -  Charlotte, Gray exterior Gray interior
2014 Toyota Camry, $10988, 2014 L I4 Automatic, 98815 miles, 68 mi -  High Point, Gray exterior Black interior
2017 Toyota Camry, No Price, Hybrid LE, 61011 miles, 64 mi -  Spartanburg, White exterior Unknown interior
2019 Toyota Camry, $25998, XSE Automatic, 32546 miles, 25 mi -  Mooresville, Silver exterior Black interior
2015 Toyota Camry, $13407, LE I4 Automatic, 85428 miles, 68 mi -  Spartanburg, Red exterior Unknown interior
2012 Toyota Camry, $8495, SE I4 Automatic, 158509 miles, 44 mi -  Hickory, White exterior Black interior
2019 Toyota Camry, $17780, LE Automatic, 32597 miles, 8.1 mi -  Charlotte, White exterior Gray interior
2009 Toyota Camry, $6852, LE I4 Manual, 154695 miles, 4.7 mi -  Charlotte, Unknown exterior Unknown interior
2019 Toyota Camry, $25990, XSE Automatic, 31378 miles, 8.1 mi -  Charlotte, White exterior Red interior
2016 Toyota Camry, $15830, Hybrid LE, 50250 miles, 8.1 mi -  Charlotte, Black exterior Black interior
2007 Toyota Camry, $7995, SE I4 Automatic, 155525 miles, 7.7 mi -  Charlotte, Red exterior Black interior
2019 Toyota Camry, No Price, XSE V6 Automatic, 39804 miles, 66 mi -  Winston-Salem, Unknown exterior Unknown interior
2013 Toyota Camry, $9980, LE I4 Automatic, 140182 miles, 68 mi -  Asheboro, Beige exterior Unknown interior
2017 Toyota Camry, $17980, SE I4 Automatic, 28580 miles, 68 mi -  Asheboro, Gray exterior Black interior
2012 Toyota Camry, $14990, XLE I4 Automatic, 40801 miles, 3.2 mi -  Charlotte, Red exterior Unknown interior
2019 Toyota Camry, $16980, LE Automatic, 43651 miles, 8.1 mi -  Charlotte, Gray exterior Black interior
2016 Toyota Camry, $14927, SE I4 Automatic, 52722 miles, 66 mi -  Winston-Salem, Gray exterior Unknown interior
2016 Toyota Camry, No Price, Hybrid XLE, 53379 miles, 70 mi -  High Point, Unknown exterior Unknown interior
2012 Toyota Camry, $12990, XLE I4 Automatic, 90260 miles, 3.2 mi -  Charlotte, Gray exterior Gray interior
2012 Toyota Camry, $10321, LE I4 Automatic, 111236 miles, 70 mi -  High Point, Silver exterior Gray interior
2019 Toyota Camry, $19980, LE Automatic, 31613 miles, 68 mi -  Asheboro, Silver exterior Black interior
2019 Toyota Camry, $20717, LE Automatic, 20340 miles, 68 mi -  Spartanburg, White exterior Gray interior
2017 Toyota Camry, $17980, Hybrid XLE, 88385 miles, 68 mi -  Asheboro, White exterior Unknown interior
2015 Toyota Camry, $16590, XLE I4 Automatic, 44408 miles, 3.2 mi -  Charlotte, Red exterior Unknown interior
2019 Toyota Camry, $26988, XSE Automatic, 42892 miles, 18 mi -  Cornelius, Gray exterior Black interior
2017 Toyota Camry, No Price, XLE I4 Automatic, 32441 miles, 67 mi -  Winston Salem, Unknown exterior Unknown interior
2017 Toyota Camry, $16003, SE I4 Automatic, 66815 miles, 4.7 mi -  Charlotte, Black exterior Unknown interior
2018 Toyota Camry, $19700, LE I4 Automatic, 23310 miles, 61 mi -  Lenoir, White exterior Gray interior
2018 Toyota Camry, $25995, XSE V6 Automatic, 50716 miles, 5.2 mi -  Charlotte, Black exterior Red interior
2018 Toyota Camry, $23999, XSE I4 Automatic, 40232 miles, 15 mi -  Lowell, White exterior Black interior
2017 Toyota Camry, $17995, SE I4 Automatic, 25366 miles, 5.2 mi -  Charlotte, Red exterior Black interior
2017 Toyota Camry, $14995, SE I4 Automatic, 64625 miles, 44 mi -  Hickory, Black exterior Black interior
2015 Toyota Camry, No Price, XLE I4 Automatic, 43529 miles, 70 mi -  High Point, Gray exterior Black interior
2019 Toyota Camry, $19590, LE Automatic, 26157 miles, 68 mi -  Spartanburg, White exterior Unknown interior
2018 Toyota Camry, $21990, XSE I4 Automatic, 62145 miles, 3.2 mi -  Charlotte, Silver exterior Black interior
2020 Toyota Camry, $21500, L FWD Automatic, 10421 miles, 5.2 mi -  Charlotte, White exterior Gray interior
2015 Toyota Camry, $13988, SE I4 Automatic, 66684 miles, 54 mi -  Lexington, Black exterior Black interior
2018 Toyota Camry, $22480, XSE I4 Automatic, 39478 miles, 8.1 mi -  Charlotte, Silver exterior Black interior
2019 Toyota Camry, $19590, XLE Automatic, 69874 miles, 3.2 mi -  Charlotte, Silver exterior Black interior
2018 Toyota Camry, $16980, LE I4 Automatic, 37159 miles, 8.1 mi -  Charlotte, Gray exterior Black interior
2010 Toyota Camry, $7498, LE I4 Manual, 138983 miles, 67 mi -  Winston Salem, Gray exterior Unknown interior
2018 Toyota Camry, $18853, LE I4 Automatic, 18883 miles, 66 mi -  Winston-Salem, Red exterior Gray interior
2018 Toyota Camry, $23980, XSE I4 Automatic, 14853 miles, 8.1 mi -  Charlotte, Gray exterior Black interior
2011 Toyota Camry, $9448, SE I4 Manual, 111149 miles, 8.9 mi -  Matthews, Gray exterior Black interior
2019 Toyota Camry, $25995, XSE Automatic, 36024 miles, 5.2 mi -  Charlotte, Blue exterior Black interior
2017 Toyota Camry, $17990, Hybrid LE, 35173 miles, 3.2 mi -  Charlotte, Black exterior Black interior
2020 Toyota Camry, $28921, XSE FWD Automatic, 12937 miles, 70 mi -  High Point, White exterior Black interior
2010 Toyota Camry, $11990, LE I4 Automatic, 49229 miles, 3.2 mi -  Charlotte, Black exterior Gray interior
2016 Toyota Camry, $16990, XLE I4 Automatic, 38068 miles, 3.2 mi -  Charlotte, Blue exterior Gray interior
2019 Toyota Camry, $22480, Hybrid LE, 31320 miles, 8.1 mi -  Charlotte, Silver exterior Black interior
2019 Toyota Camry, $21727, Hybrid LE, 41369 miles, 70 mi -  High Point, Brown exterior Beige interior
2018 Toyota Camry, $19986, LE I4 Automatic, 19211 miles, 68 mi -  High Point, White exterior Gray interior
2017 Toyota Camry, $16980, SE I4 Automatic, 37028 miles, 68 mi -  Asheboro, Blue exterior Gray interior
2017 Toyota Camry, $18777, XLE I4 Automatic, 40179 miles, 19 mi -  Rock Hill, White exterior Unknown interior
2017 Toyota Camry, $17995, SE I4 Automatic, 31059 miles, 5.2 mi -  Charlotte, White exterior Black interior
2018 Toyota Camry, $20265, SE I4 Automatic, 25997 miles, 68 mi -  High Point, White exterior Black interior
2019 Toyota Camry, $24477, Hybrid LE, 27408 miles, 19 mi -  Rock Hill, Black exterior Black interior
2011 Toyota Camry, No Price, SE I4 Automatic, 124218 miles, 39 mi -  Albermarle, Unknown exterior Unknown interior
2019 Toyota Camry, $16480, LE Automatic, 47848 miles, 8.1 mi -  Charlotte, Black exterior Black interior
2018 Toyota Camry, $26500, XSE I4 Automatic, 27741 miles, 5.2 mi -  Charlotte, Silver exterior Red interior
2013 Toyota Camry, $12990, LE I4 Automatic, 57565 miles, 3.2 mi -  Charlotte, Silver exterior Gray interior
2019 Toyota Camry, $17994, L Automatic, 51108 miles, 25 mi -  Mooresville, Blue exterior Gray interior
2010 Toyota Camry, $9900, LE I4 Automatic, 81557 miles, 16 mi -  Gastonia, Silver exterior Gray interior
2018 Toyota Camry, $17995, SE I4 Automatic, 64284 miles, 19 mi -  Concord, Silver exterior Black interior
2018 Toyota Camry, $18480, SE I4 Automatic, 36041 miles, 8.1 mi -  Charlotte, White exterior Black interior
2018 Toyota Camry, $21486, XSE I4 Automatic, 77455 miles, 66 mi -  Winston-Salem, Gray exterior Gray interior
2014 Toyota Camry, $11590, 2014 SE I4 Automatic, 100455 miles, 3.2 mi -  Charlotte, White exterior Black interior
2013 Toyota Camry, $8979, SE I4 Automatic, 180226 miles, 69 mi -  High Point, Unknown exterior Unknown interior
2017 Toyota Camry, $13649, SE I4 Automatic, 107583 miles, 35 mi -  Salisbury, White exterior Unknown interior
2020 Toyota Camry, $27990, Hybrid SE FWD CVT, 3737 miles, 3.2 mi -  Charlotte, Blue exterior Black interior
2014 Toyota Camry, $14359, 2014 SE I4 Automatic, 57295 miles, 18 mi -  Cornelius, Silver exterior Black interior
2018 Toyota Camry, $19599, LE I4 Automatic, 29320 miles, 18 mi -  Cornelius, Silver exterior Gray interior
2017 Toyota Camry, $14499, XLE I4 Automatic, 95853 miles, 6.5 mi -  Charlotte, White exterior Black interior
2018 Toyota Camry, $20990, Hybrid SE, 61713 miles, 3.2 mi -  Charlotte, White exterior Black interior
2019 Toyota Camry, $17500, L Automatic, 60984 miles, 54 mi -  Lexington, Unknown exterior Gray interior
2018 Toyota Camry, $20561, LE I4 Automatic, 9782 miles, 18 mi -  Cornelius, Blue exterior Gray interior
2020 Toyota Camry, $23780, Hybrid LE FWD CVT, 14604 miles, 8.1 mi -  Charlotte, Gray exterior Black interior
2018 Toyota Camry, $17990, Hybrid LE, 79034 miles, 3.2 mi -  Charlotte, Silver exterior Gray interior
2018 Toyota Camry, $20003, SE I4 Automatic, 32888 miles, 4.7 mi -  Charlotte, Black exterior Unknown interior
2016 Toyota Camry, $15590, XSE I4 Automatic, 46963 miles, 3.2 mi -  Charlotte, Gray exterior Black interior
2018 Toyota Camry, $17979, LE I4 Automatic, 38311 miles, 69 mi -  High Point, Black exterior Black interior
2017 Toyota Camry, $15399, LE I4 Automatic, 56216 miles, 69 mi -  Lugoff, Blue exterior Black interior
2018 Toyota Camry, $25980, XSE I4 Automatic, 12838 miles, 68 mi -  Asheboro, White exterior Gray interior
2018 Toyota Camry, $19022, L I4 Automatic, 20198 miles, 70 mi -  High Point, Unknown exterior Unknown interior
2015 Toyota Camry, $14990, XSE I4 Automatic, 79315 miles, 3.2 mi -  Charlotte, Red exterior Black interior
2012 Toyota Camry, $12990, SE V6 Automatic, 94078 miles, 3.2 mi -  Charlotte, Gray exterior Black interior
2011 Toyota Camry, $11990, I4 Automatic, 42732 miles, 3.2 mi -  Charlotte, Silver exterior Gray interior
2018 Toyota Camry, $17679, LE I4 Automatic, 46382 miles, 69 mi -  High Point, Black exterior Black interior
2018 Toyota Camry, $16989, LE I4 Automatic, 61035 miles, 68 mi -  Spartanburg, Silver exterior Unknown interior
2017 Toyota Camry, $11995, SE I4 Automatic, 133441 miles, 5.2 mi -  Charlotte, Black exterior Black interior
2020 Toyota Camry, $21566, LE FWD Automatic, 11536 miles, 68 mi -  Spartanburg, White exterior Gray interior
2019 Toyota Camry, $27491, XSE Automatic, 17732 miles, 67 mi -  Winston-Salem, White exterior Black interior
2020 Toyota Camry, $23500, SE FWD Automatic, 7849 miles, 5.2 mi -  Charlotte, Black exterior Black interior
2018 Toyota Camry, No Price, L I4 Automatic, 55520 miles, 67 mi -  Asheboro, Silver exterior Unknown interior
2014 Toyota Camry, $13995, 2014 XLE I4 Automatic, 59652 miles, 5.2 mi -  Charlotte, Silver exterior Gray interior
2020 Toyota Camry, $23995, SE FWD Automatic, 4460 miles, 5.2 mi -  Charlotte, Blue exterior Unknown interior
2015 Toyota Camry, $12995, LE I4 Automatic, 71501 miles, 19 mi -  Concord, White exterior Gray interior
2020 Toyota Camry, $30880, XSE FWD Automatic, 15263 miles, 5.2 mi -  Charlotte, Black exterior Red interior
2018 Toyota Camry, $18990, L I4 Automatic, 36916 miles, 3.2 mi -  Charlotte, Black exterior Black interior
2020 Toyota Camry, $21099, LE FWD Automatic, 18861 miles, 68 mi -  Spartanburg, White exterior Black interior
2019 Toyota Camry, $20977, SE Automatic, 37101 miles, 19 mi -  Rock Hill, Black exterior Unknown interior
2019 Toyota Camry, $19401, SE Automatic, 41711 miles, 67 mi -  North Wilkesboro, White exterior Black interior
2019 Toyota Camry, $20598, SE Automatic, 18428 miles, 70 mi -  Lugoff, White exterior Unknown interior
2017 Toyota Camry, No Price, SE I4 Automatic, 73115 miles, 35 mi -  Salisbury, Black exterior Black interior
2018 Toyota Camry, $26995, XSE I4 Automatic, 20373 miles, 5.2 mi -  Charlotte, White exterior Red interior
2016 Toyota Camry, $14990, XSE I4 Automatic, 74344 miles, 3.2 mi -  Charlotte, Blue exterior Black interior
2016 Toyota Camry, $14990, LE I4 Automatic, 41952 miles, 3.2 mi -  Charlotte, Silver exterior Black interior
2020 Toyota Camry, $24596, SE FWD Automatic, 3287 miles, 9.1 mi -  Matthews, Black exterior Black interior
2017 Toyota Camry, $16590, SE I4 Automatic, 33646 miles, 3.2 mi -  Charlotte, Blue exterior Black interior
2019 Toyota Camry, $26199, XSE Automatic, 18700 miles, 44 mi -  Hickory, Black exterior Gray interior
2017 Toyota Camry, $15776, XLE I4 Automatic, 76304 miles, 66 mi -  Winston-Salem, Gray exterior Black interior
2020 Toyota Camry, $22986, SE FWD Automatic, 10379 miles, 66 mi -  Winston-Salem, Silver exterior Black interior
2018 Toyota Camry, $26360, XSE V6 Automatic, 25993 miles, 8.1 mi -  Charlotte, Red exterior Black interior
2011 Toyota Camry, $9998, XLE V6 Automatic, 102757 miles, 12 mi -  Belmont, Silver exterior Gray interior
2012 Toyota Camry, $11990, SE I4 Automatic, 73648 miles, 3.2 mi -  Charlotte, Gray exterior Black interior
2017 Toyota Camry, $18750, XSE V6 Automatic, 60671 miles, 20 mi -  Monroe, White exterior Black interior
2020 Toyota Camry, $21980, SE FWD Automatic, 10093 miles, 8.1 mi -  Charlotte, White exterior Black interior
2015 Toyota Camry, $15590, SE I4 Automatic, 44904 miles, 3.2 mi -  Charlotte, Gray exterior Black interior
2017 Toyota Camry, $14990, LE I4 Automatic, 66065 miles, 3.2 mi -  Charlotte, Black exterior Beige interior
2020 Toyota Camry, $20995, LE FWD Automatic, 19059 miles, 5.2 mi -  Charlotte, Black exterior Black interior
2013 Toyota Camry, $12980, XLE I4 Automatic, 48990 miles, 8.1 mi -  Charlotte, Silver exterior Gray interior
2018 Toyota Camry, $18999, SE I4 Automatic, 24371 miles, 74 mi -  Winston Salem, Silver exterior Gray interior
2019 Toyota Camry, $18486, LE Automatic, 20842 miles, 66 mi -  Winston-Salem, Red exterior Gray interior
2018 Toyota Camry, $20480, Hybrid LE, 26942 miles, 8.1 mi -  Charlotte, White exterior Gray interior
2018 Toyota Camry, $25600, XLE V6 Automatic, 13942 miles, 8.1 mi -  Charlotte, Unknown exterior Black interior
2020 Toyota Camry, $21372, LE FWD Automatic, 10571 miles, 68 mi -  Spartanburg, Gray exterior Gray interior
2019 Toyota Camry, $19996, LE Automatic, 17089 miles, 68 mi -  Spartanburg, White exterior Black interior
2018 Toyota Camry, $17695, LE I4 Automatic, 25117 miles, 5.2 mi -  Charlotte, Gray exterior Gray interior
2010 Toyota Camry, $9995, LE I4 Automatic, 63433 miles, 7.7 mi -  Charlotte, Silver exterior Gray interior
2019 Toyota Camry, $18998, LE Automatic, 28666 miles, 21 mi -  Rock Hill, Gray exterior Gray interior
2020 Toyota Camry, $29995, XSE FWD Automatic, 10668 miles, 5.2 mi -  Charlotte, Silver exterior Red interior
2017 Toyota Camry, $16799, XLE I4 Automatic, 24571 miles, 71 mi -  Winston Salem, White exterior Unknown interior
2017 Toyota Camry, $15480, SE I4 Automatic, 39800 miles, 8.1 mi -  Charlotte, Gray exterior Black interior
2020 Toyota Camry, No Price, SE FWD Automatic, 14591 miles, 67 mi -  Asheboro, Black exterior Unknown interior
2018 Toyota Camry, $23995, XSE I4 Automatic, 28876 miles, 5.2 mi -  Charlotte, Red exterior Gray interior
2015 Toyota Camry, $12988, LE I4 Automatic, 79204 miles, 7.4 mi -  Charlotte, Silver exterior Unknown interior
2017 Toyota Camry, $16997, SE I4 Automatic, 25695 miles, 70 mi -  High Point, White exterior Black interior
2017 Toyota Camry, $18972, Hybrid XLE, 53102 miles, 35 mi -  Salisbury, White exterior Beige interior
2016 Toyota Camry, $12999, XLE I4 Automatic, 110049 miles, 68 mi -  High Point, Silver exterior Black interior
2016 Toyota Camry, $14980, SE I4 Automatic, 60163 miles, 68 mi -  Asheboro, Gray exterior Unknown interior
2019 Toyota Camry, $27376, XSE Automatic, 24712 miles, 18 mi -  Cornelius, Blue exterior Gray interior
2018 Toyota Camry, $15990, LE I4 Automatic, 62554 miles, 3.2 mi -  Charlotte, White exterior Black interior
2018 Toyota Camry, $22995, XSE I4 Automatic, 51999 miles, 5.2 mi -  Charlotte, White exterior Black interior
2017 Toyota Camry, $15987, SE I4 Automatic, 48649 miles, 15 mi -  Gastonia, Black exterior Black interior
2016 Toyota Camry, $13500, SE Special Edition I4 Automatic, 94787 miles, 5.2 mi -  Charlotte, White exterior Blue interior
2019 Toyota Camry, $25300, XSE Automatic, 36620 miles, 61 mi -  Lenoir, White exterior Red interior
2018 Toyota Camry, $20622, SE I4 Automatic, 32766 miles, 68 mi -  Spartanburg, White exterior Gray interior
2020 Toyota Camry, $23548, SE FWD Automatic, 9266 miles, 68 mi -  Spartanburg, Gray exterior Black interior
2018 Toyota Camry, $18991, SE I4 Automatic, 40712 miles, 44 mi -  Hickory, Black exterior Black interior
2008 Toyota Camry, $6737, SE I4 Automatic, 149078 miles, 17 mi -  Gastonia, Unknown exterior Unknown interior
2014 Toyota Camry, $10980, 2014 L I4 Automatic, 123122 miles, 68 mi -  Asheboro, Red exterior Unknown interior
2019 Toyota Camry, $19986, SE Automatic, 42585 miles, 67 mi -  Rockingham, Black exterior Gray interior
2011 Toyota Camry, $10590, LE I4 Automatic, 88594 miles, 3.2 mi -  Charlotte, Green exterior Beige interior
2018 Toyota Camry, $18546, SE I4 Automatic, 55197 miles, 67 mi -  North Wilkesboro, White exterior Gray interior
2019 Toyota Camry, $20312, SE Automatic, 37922 miles, 33 mi -  Lancaster, White exterior Black interior
2019 Toyota Camry, $17200, LE Automatic, 36025 miles, 61 mi -  Lenoir, Unknown exterior Unknown interior
2019 Toyota Camry, $18079, LE Automatic, 37368 miles, 68 mi -  High Point, Silver exterior Black interior
2018 Toyota Camry, $17716, LE I4 Automatic, 43933 miles, 68 mi -  Spartanburg, Blue exterior Unknown interior
2018 Toyota Camry, $18480, SE I4 Automatic, 30634 miles, 8.1 mi -  Charlotte, Blue exterior Black interior
2018 Toyota Camry, $20700, XLE I4 Automatic, 21301 miles, 8.1 mi -  Charlotte, Unknown exterior Gray interior
2017 Toyota Camry, $16980, XLE V6 Automatic, 60460 miles, 8.1 mi -  Charlotte, Gray exterior Gray interior
2018 Toyota Camry, $17250, SE I4 Automatic, 73392 miles, 16 mi -  Gastonia, White exterior Black interior
2019 Toyota Camry, $25995, XSE Automatic, 15510 miles, 5.2 mi -  Charlotte, White exterior Gray interior
2013 Toyota Camry, $11590, LE I4 Automatic, 68532 miles, 3.2 mi -  Charlotte, Black exterior Gray interior
2018 Toyota Camry, $19498, SE I4 Automatic, 42337 miles, 21 mi -  Rock Hill, White exterior Gray interior
2018 Toyota Camry, $18995, XSE I4 Automatic, 102283 miles, 5.2 mi -  Charlotte, Silver exterior Black interior
2018 Toyota Camry, $19498, SE I4 Automatic, 36684 miles, 21 mi -  Rock Hill, Blue exterior Gray interior
2014 Toyota Camry, $12200, 2014 L I4 Automatic, 78260 miles, 12 mi -  Huntersville, White exterior Black interior
2020 Toyota Camry, $19972, SE FWD Automatic, 46064 miles, 35 mi -  Salisbury, Gray exterior Black interior
2020 Toyota Camry, $20926, SE FWD Automatic, 27739 miles, 66 mi -  Winston-Salem, Red exterior Black interior
2017 Toyota Camry, $14888, LE I4 Automatic, 56910 miles, 44 mi -  Hickory, Unknown exterior Unknown interior
2010 Toyota Camry, No Price, XLE I4 Automatic, 218786 miles, 21 mi -  Rock Hill, Red exterior Beige interior
2020 Toyota Camry, $22000, SE FWD Automatic, 13178 miles, 17 mi -  Gastonia, Silver exterior Black interior
2019 Toyota Camry, $18594, LE Automatic, 29848 miles, 68 mi -  High Point, Blue exterior Black interior
2018 Toyota Camry, $17500, LE I4 Automatic, 22076 miles, 8.1 mi -  Charlotte, Silver exterior Gray interior
2018 Toyota Camry, $17500, LE I4 Automatic, 30477 miles, 68 mi -  Boiling Springs, White exterior Black interior
2019 Toyota Camry, $29498, XSE V6 Automatic, 12557 miles, 70 mi -  High Point, White exterior Black interior
2020 Toyota Camry, $23596, SE FWD Automatic, 5299 miles, 9.1 mi -  Matthews, Black exterior Black interior
2018 Toyota Camry, $17999, LE I4 Automatic, 28364 miles, 35 mi -  Salisbury, White exterior Beige interior
2019 Toyota Camry, $18778, LE Automatic, 13920 miles, 68 mi -  Spartanburg, White exterior Unknown interior
2015 Toyota Camry, $11997, SE I4 Automatic, 98417 miles, 35 mi -  Salisbury, Black exterior Black interior
2018 Toyota Camry, $17778, LE I4 Automatic, 34620 miles, 70 mi -  High Point, Silver exterior Gray interior
2020 Toyota Camry, $19339, SE FWD Automatic, 30113 miles, 3.1 mi -  Charlotte, Black exterior Black interior
2013 Toyota Camry, $12990, SE I4 Automatic, 65510 miles, 3.2 mi -  Charlotte, Silver exterior Beige interior
2018 Toyota Camry, $17980, LE I4 Automatic, 10301 miles, 8.1 mi -  Charlotte, Silver exterior Gray interior
2017 Toyota Camry, $13899, LE I4 Automatic, 76935 miles, 35 mi -  Salisbury, Red exterior Black interior
2013 Toyota Camry, $9500, L I4 Automatic, 124014 miles, 61 mi -  Lenoir, Silver exterior Black interior
2018 Toyota Camry, $17980, LE I4 Automatic, 29429 miles, 68 mi -  Asheboro, Gray exterior Beige interior
2010 Toyota Camry, $10990, LE I4 Automatic, 71656 miles, 3.2 mi -  Charlotte, Gray exterior Gray interior
2019 Toyota Camry, $16887, L Automatic, 44860 miles, 70 mi -  Lugoff, Black exterior Unknown interior
2020 Toyota Camry, $32446, XSE V6 FWD Automatic, 17022 miles, 66 mi -  Winston-Salem, White exterior Black interior
2016 Toyota Camry, $14358, LE I4 Automatic, 43507 miles, 15 mi -  Lowell, Gray exterior Gray interior
2018 Toyota Camry, $17480, SE I4 Automatic, 42613 miles, 8.1 mi -  Charlotte, White exterior Gray interior
2019 Toyota Camry, $18872, LE Automatic, 13835 miles, 68 mi -  Spartanburg, Red exterior Unknown interior
2019 Toyota Camry, $19447, SE Automatic, 24855 miles, 66 mi -  Winston-Salem, Black exterior Gray interior
2019 Toyota Camry, $18303, SE Automatic, 20790 miles, 70 mi -  Lugoff, Red exterior Unknown interior
2018 Toyota Camry, $16900, LE I4 Automatic, 57764 miles, 74 mi -  Kernersville, Gray exterior Gray interior
2019 Toyota Camry, $18019, LE Automatic, 39361 miles, 70 mi -  High Point, White exterior Gray interior
2019 Toyota Camry, $17980, SE Automatic, 40367 miles, 8.1 mi -  Charlotte, White exterior Black interior
2018 Toyota Camry, $18480, SE I4 Automatic, 28567 miles, 8.1 mi -  Charlotte, Gray exterior Gray interior
2018 Toyota Camry, $18980, SE I4 Automatic, 23078 miles, 8.1 mi -  Charlotte, Gray exterior Black interior
2019 Toyota Camry, $18500, SE Automatic, 39403 miles, 70 mi -  High Point, Black exterior Unknown interior
2017 Toyota Camry, $16800, XLE I4 Automatic, 41860 miles, 61 mi -  Lenoir, Black exterior Black interior
2017 Toyota Camry, $13771, LE I4 Automatic, 86899 miles, 70 mi -  High Point, Gray exterior Gray interior
2019 Toyota Camry, $17776, LE Automatic, 30927 miles, 66 mi -  Winston-Salem, Red exterior Gray interior
2018 Toyota Camry, $19656, SE I4 Automatic, 24180 miles, 35 mi -  Salisbury, Gray exterior Black interior
2018 Toyota Camry, $21999, XLE I4 Automatic, 10409 miles, 35 mi -  Salisbury, Unknown exterior Beige interior
2018 Toyota Camry, $18991, SE I4 Automatic, 40712 miles, 44 mi -  Hickory, Black exterior Black interior
2019 Toyota Camry, $18980, SE Automatic, 35923 miles, 8.1 mi -  Charlotte, Silver exterior Black interior
2018 Toyota Camry, $18788, SE I4 Automatic, 27943 miles, 44 mi -  Hickory, Unknown exterior Unknown interior
2018 Toyota Camry, $17590, LE I4 Automatic, 33747 miles, 3.2 mi -  Charlotte, White exterior Gray interior
2020 Toyota Camry, $21039, LE FWD Automatic, 11406 miles, 68 mi -  Spartanburg, White exterior Gray interior
2019 Toyota Camry, $19900, SE Automatic, 27916 miles, 16 mi -  Gastonia, Gray exterior Black interior
2015 Toyota Camry, $13980, LE I4 Automatic, 21852 miles, 8.1 mi -  Charlotte, Gray exterior Gray interior
2018 Toyota Camry, $17721, LE I4 Automatic, 25148 miles, 35 mi -  Salisbury, Black exterior Beige interior
2018 Toyota Camry, $19980, Hybrid LE, 25227 miles, 8.1 mi -  Charlotte, Silver exterior Gray interior
2009 Toyota Camry, $4999, SE I4 Automatic, 252251 miles, 37 mi -  Shelby, Blue exterior Unknown interior
2019 Toyota Camry, $18728, SE Automatic, 30042 miles, 66 mi -  Winston-Salem, Silver exterior Gray interior
2019 Toyota Camry, $18727, SE Automatic, 28435 miles, 66 mi -  Winston-Salem, Silver exterior Gray interior
2019 Toyota Camry, $20590, SE Automatic, 11345 miles, 3.2 mi -  Charlotte, Green exterior Unknown interior
2017 Toyota Camry, $14590, SE I4 Automatic, 71391 miles, 3.2 mi -  Charlotte, Blue exterior Black interior
2014 Toyota Camry, $12590, 2014 Hybrid LE, 83082 miles, 3.2 mi -  Charlotte, White exterior Gray interior
2020 Toyota Camry, $21101, LE FWD Automatic, 13005 miles, 68 mi -  Spartanburg, Silver exterior Black interior
2019 Toyota Camry, $25590, Hybrid XLE, 24013 miles, 3.2 mi -  Charlotte, Green exterior Black interior
2015 Toyota Camry, $15980, Hybrid XLE, 45962 miles, 8.1 mi -  Charlotte, Red exterior Unknown interior
2019 Toyota Camry, $18735, LE Automatic, 15324 miles, 68 mi -  Spartanburg, Black exterior Gray interior
2018 Toyota Camry, $20500, SE I4 Automatic, 7498 miles, 17 mi -  Monroe, White exterior Black interior
2020 Toyota Camry, $19024, LE FWD Automatic, 10567 miles, 70 mi -  Lugoff, Black exterior Unknown interior
2014 Toyota Camry, $10990, 2014 L I4 Automatic, 92881 miles, 3.2 mi -  Charlotte, Beige exterior Unknown interior
2019 Toyota Camry, $19480, SE Automatic, 13723 miles, 8.1 mi -  Charlotte, White exterior Black interior
2016 Toyota Camry, $11512, LE I4 Automatic, 100693 miles, 67 mi -  North Wilkesboro, Silver exterior Gray interior
2017 Toyota Camry, $16542, Hybrid SE, 44067 miles, 20 mi -  Concord, Red exterior Black interior
2016 Toyota Camry, $13480, LE I4 Automatic, 43990 miles, 8.1 mi -  Charlotte, Unknown exterior Black interior
2017 Toyota Camry, $15480, SE I4 Automatic, 30515 miles, 8.1 mi -  Charlotte, Gray exterior Black interior
2020 Toyota Camry, $19999, SE FWD Automatic, 31285 miles, 67 mi -  North Wilkesboro, Gray exterior Gray interior
2016 Toyota Camry, $14990, SE I4 Automatic, 58997 miles, 3.2 mi -  Charlotte, White exterior Black interior
2019 Toyota Camry, $24980, Hybrid XLE, 17714 miles, 8.1 mi -  Charlotte, Blue exterior Unknown interior
2013 Toyota Camry, $12999, XLE V6 Automatic, 84523 miles, 67 mi -  Asheboro, White exterior Beige interior
2012 Toyota Camry, $10990, LE I4 Automatic, 72286 miles, 3.2 mi -  Charlotte, Blue exterior Unknown interior
2012 Toyota Camry, $12990, Hybrid XLE, 67259 miles, 3.2 mi -  Charlotte, Silver exterior Gray interior
2015 Toyota Camry, $12990, LE I4 Automatic, 65258 miles, 3.2 mi -  Charlotte, Blue exterior Gray interior
2015 Toyota Camry, $14990, SE I4 Automatic, 39043 miles, 3.2 mi -  Charlotte, Black exterior Black interior
2012 Toyota Camry, $10200, L I4 Automatic, 91978 miles, 61 mi -  Lenoir, Silver exterior Black interior
2016 Toyota Camry, $14990, LE I4 Automatic, 41793 miles, 3.2 mi -  Charlotte, White exterior Gray interior
2017 Toyota Camry, $15500, SE I4 Automatic, 55982 miles, 5.2 mi -  Charlotte, Black exterior Black interior
2012 Toyota Camry, $7999, SE V6 Automatic, 159714 miles, 69 mi -  Spartanburg, Silver exterior Black interior
2019 Toyota Camry, $16639, LE Automatic, 34077 miles, 3.1 mi -  Charlotte, Silver exterior Gray interior
2019 Toyota Camry, $18497, SE Automatic, 35742 miles, 7.5 mi -  Charlotte, Silver exterior Black interior
2018 Toyota Camry, $17998, SE I4 Automatic, 54782 miles, 21 mi -  Rock Hill, Blue exterior Gray interior
2019 Toyota Camry, $17980, LE Automatic, 13996 miles, 8.1 mi -  Charlotte, Black exterior Gray interior
2019 Toyota Camry, $21995, XSE Automatic, 73025 miles, 19 mi -  Concord, White exterior Red interior
2018 Toyota Camry, $19206, SE I4 Automatic, 37314 miles, 9.1 mi -  Pineville, White exterior Black interior
2018 Toyota Camry, $17486, L I4 Automatic, 35699 miles, 66 mi -  Winston-Salem, White exterior Gray interior
2012 Toyota Camry, $6617, L I4 Automatic, 212238 miles, 25 mi -  Mooresville, Gray exterior Black interior
2016 Toyota Camry, $13980, SE I4 Automatic, 33599 miles, 8.1 mi -  Charlotte, Unknown exterior Black interior
2020 Toyota Camry, $23990, SE Nightshade FWD Automatic, 1279 miles, 3.2 mi -  Charlotte, White exterior Black interior
2018 Toyota Camry, $17438, LE I4 Automatic, 33890 miles, 35 mi -  Salisbury, Gray exterior Gray interior
2014 Toyota Camry, $11990, 2014 LE I4 Automatic, 97124 miles, 3.2 mi -  Charlotte, Silver exterior Unknown interior
2015 Toyota Camry, $13980, XSE I4 Automatic, 44840 miles, 8.1 mi -  Charlotte, Black exterior Black interior
2017 Toyota Camry, $13995, LE I4 Automatic, 63729 miles, 5.2 mi -  Charlotte, White exterior Gray interior
2018 Toyota Camry, $17980, LE I4 Automatic, 34740 miles, 8.1 mi -  Charlotte, White exterior Gray interior
2019 Toyota Camry, $17988, LE Automatic, 28550 miles, 21 mi -  Rock Hill, Blue exterior Black interior
2019 Toyota Camry, $17219, LE Automatic, 46722 miles, 4.9 mi -  Charlotte, Black exterior Black interior
2017 Toyota Camry, $15990, Hybrid XLE, 85906 miles, 3.2 mi -  Charlotte, White exterior Beige interior
2009 Toyota Camry, $11590, XLE I4 Automatic, 43954 miles, 3.2 mi -  Charlotte, Blue exterior Gray interior
2015 Toyota Camry, $11991, LE I4 Automatic, 107804 miles, 12 mi -  Concord, Gray exterior Gray interior
2018 Toyota Camry, $18480, SE I4 Automatic, 27396 miles, 8.1 mi -  Charlotte, Blue exterior Black interior
2019 Toyota Camry, $18980, SE Automatic, 35923 miles, 8.1 mi -  Charlotte, Silver exterior Black interior
2014 Toyota Camry, $13590, 2014 Hybrid LE, 61599 miles, 3.2 mi -  Charlotte, Silver exterior Gray interior
2013 Toyota Camry, $12990, SE I4 Automatic, 41559 miles, 3.2 mi -  Charlotte, Gray exterior Black interior
2018 Toyota Camry, $16998, LE I4 Automatic, 45350 miles, 21 mi -  Rock Hill, Black exterior Beige interior
2013 Toyota Camry, $5996, SE I4 Automatic, 239199 miles, 35 mi -  Salisbury, Silver exterior Black interior
2017 Toyota Camry, $12980, LE I4 Automatic, 51944 miles, 8.1 mi -  Charlotte, Silver exterior Gray interior
2017 Toyota Camry, $14222, LE I4 Automatic, 59453 miles, 7.4 mi -  Charlotte, Blue exterior Unknown interior
2015 Toyota Camry, $12990, LE I4 Automatic, 64799 miles, 3.2 mi -  Charlotte, White exterior Gray interior
2015 Toyota Camry, $14994, XLE V6 Automatic, 81095 miles, 66 mi -  Winston-Salem, Silver exterior Gray interior
2017 Toyota Camry, $14480, LE I4 Automatic, 34331 miles, 8.1 mi -  Charlotte, Silver exterior Black interior
2019 Toyota Camry, $25000, XSE Automatic, 23452 miles, 62 mi -  Rockingham, White exterior Black interior
2019 Toyota Camry, $17270, SE Automatic, 59548 miles, 8.1 mi -  Charlotte, White exterior Black interior
2020 Toyota Camry, $20590, SE FWD Automatic, 24389 miles, 3.2 mi -  Charlotte, White exterior Gray interior
2018 Toyota Camry, $18500, SE I4 Automatic, 50423 miles, 18 mi -  Cornelius, White exterior Gray interior
2017 Toyota Camry, $13995, LE I4 Automatic, 46399 miles, 5.2 mi -  Charlotte, Silver exterior Beige interior
2018 Toyota Camry, $15995, LE I4 Automatic, 58650 miles, 5.2 mi -  Charlotte, Gray exterior Black interior
2018 Toyota Camry, $16428, LE I4 Automatic, 22782 miles, 70 mi -  High Point, White exterior Beige interior
2012 Toyota Camry, $13590, Hybrid XLE, 31930 miles, 3.2 mi -  Charlotte, Red exterior Beige interior
2020 Toyota Camry, $28500, XSE FWD Automatic, 8346 miles, 5.2 mi -  Charlotte, Silver exterior Black interior
2009 Toyota Camry, $4999, LE I4 Automatic, 183965 miles, 7.5 mi -  Charlotte, Red exterior Gray interior
2017 Toyota Camry, $12995, LE I4 Automatic, 75315 miles, 5.2 mi -  Charlotte, Black exterior Gray interior
2018 Toyota Camry, $20499, XLE I4 Automatic, 31670 miles, 21 mi -  Rock Hill, Red exterior Beige interior
2016 Toyota Camry, $13990, SE I4 Automatic, 43128 miles, 3.2 mi -  Charlotte, Black exterior Black interior
2014 Toyota Camry, $11990, 2014 SE Sport I4 Automatic, 101521 miles, 3.2 mi -  Charlotte, Gray exterior Black interior
2019 Toyota Camry, $17877, SE Automatic, 38843 miles, 37 mi -  Shelby, Gray exterior Gray interior
2018 Toyota Camry, $16000, XLE I4 Automatic, 83912 miles, 17 mi -  Monroe, Silver exterior Black interior
2012 Toyota Camry, $10507, Hybrid XLE, 116230 miles, 68 mi -  Spartanburg, White exterior Unknown interior
2018 Toyota Camry, $22995, XSE I4 Automatic, 44185 miles, 7.5 mi -  Charlotte, White exterior Gray interior
2019 Toyota Camry, $15980, LE Automatic, 26130 miles, 8.1 mi -  Charlotte, White exterior Black interior
2018 Toyota Camry, $15772, LE I4 Automatic, 53251 miles, 14 mi -  Gastonia, Blue exterior Black interior
2018 Toyota Camry, $16980, SE I4 Automatic, 45047 miles, 8.1 mi -  Charlotte, Gray exterior Black interior
2015 Toyota Camry, $13980, LE I4 Automatic, 21852 miles, 8.1 mi -  Charlotte, Gray exterior Gray interior
2012 Toyota Camry, $10990, LE I4 Automatic, 72286 miles, 3.2 mi -  Charlotte, Blue exterior Unknown interior
2018 Toyota Camry, $17980, LE I4 Automatic, 29429 miles, 68 mi -  Asheboro, Gray exterior Beige interior
2018 Toyota Camry, $16498, LE I4 Automatic, 51465 miles, 21 mi -  Rock Hill, Black exterior Gray interior
2015 Toyota Camry, $12463, LE I4 Automatic, 79928 miles, 17 mi -  Concord, Blue exterior Beige interior
2020 Toyota Camry, $19097, SE FWD Automatic, 21299 miles, 3.3 mi -  Charlotte, White exterior Unknown interior
2016 Toyota Camry, $14995, XSE V6 Automatic, 64251 miles, 9.1 mi -  Matthews, Red exterior Gray interior
2020 Toyota Camry, $17097, LE FWD Automatic, 32785 miles, 3.3 mi -  Charlotte, White exterior Unknown interior
2014 Toyota Camry, $12590, 2014 XLE V6 Automatic, 88236 miles, 3.2 mi -  Charlotte, Gray exterior Black interior
2014 Toyota Camry, $11590, 2014 SE V6 Automatic, 99785 miles, 3.2 mi -  Charlotte, White exterior Black interior
2020 Toyota Camry, $19497, SE FWD Automatic, 18020 miles, 3.3 mi -  Charlotte, White exterior Unknown interior
2015 Toyota Camry, $12930, XLE I4 Automatic, 76338 miles, 7.4 mi -  Charlotte, Black exterior Black interior
2020 Toyota Camry, $17597, LE FWD Automatic, 26644 miles, 3.3 mi -  Charlotte, White exterior Unknown interior
2018 Toyota Camry, $14500, LE I4 Automatic, 87460 miles, 18 mi -  Cornelius, Silver exterior Gray interior
2012 Toyota Camry, $10990, SE I4 Automatic, 72381 miles, 3.2 mi -  Charlotte, Black exterior Black interior
2019 Toyota Camry, $15097, LE Automatic, 43453 miles, 3.3 mi -  Charlotte, Gray exterior Unknown interior
2018 Toyota Camry, $20899, XSE I4 Automatic, 52329 miles, 21 mi -  Rock Hill, Red exterior Black interior
2014 Toyota Camry, $11990, 2014 SE I4 Automatic, 67958 miles, 3.2 mi -  Charlotte, Gray exterior Black interior
2018 Toyota Camry, $17795, L I4 Automatic, 16599 miles, 5.2 mi -  Charlotte, Blue exterior Gray interior
2018 Toyota Camry, $16139, LE I4 Automatic, 26302 miles, 3.1 mi -  Charlotte, Gray exterior Gray interior
2020 Toyota Camry, $20590, SE FWD Automatic, 18284 miles, 3.2 mi -  Charlotte, Blue exterior Black interior
2017 Toyota Camry, $14999, SE I4 Automatic, 36297 miles, 21 mi -  Rock Hill, Gray exterior Black interior
2020 Toyota Camry, $20590, SE Nightshade FWD Automatic, 30986 miles, 3.2 mi -  Charlotte, Black exterior Black interior
2017 Toyota Camry, $11770, SE I4 Automatic, 107166 miles, 8.2 mi -  Charlotte, Silver exterior Gray interior
2007 Toyota Camry, $4990, Hybrid, 200000 miles, 64 mi -  Spartanburg, Unknown exterior Gray interior
2019 Toyota Camry, $17429, SE Automatic, 36135 miles, 3.1 mi -  Charlotte, Blue exterior Black interior
2018 Toyota Camry, $14995, SE I4 Automatic, 84820 miles, 5.2 mi -  Charlotte, White exterior Black interior
2006 Toyota Camry, $5995, LE I4 Automatic, 139951 miles, 8.9 mi -  Matthews, Black exterior Gray interior
2012 Toyota Camry, $8498, XLE I4 Automatic, 155422 miles, 21 mi -  Rock Hill, Gray exterior Unknown interior
2015 Toyota Camry, $11990, XLE I4 Automatic, 92479 miles, 35 mi -  Shelby, Unknown exterior Unknown interior
2018 Toyota Camry, $18995, SE I4 Automatic, 26736 miles, 5.2 mi -  Charlotte, Black exterior Unknown interior
2018 Toyota Camry, $17590, SE I4 Automatic, 47728 miles, 3.2 mi -  Charlotte, Silver exterior Black interior
2014 Toyota Camry, $12590, 2014 LE I4 Automatic, 64795 miles, 3.2 mi -  Charlotte, Gray exterior Gray interior
